user_id,age,gender,fitness_level,preferred_workout_time,weight_kg,height_cm,activity_frequency
1,56,M,Intermediate,Afternoon,70.5,159.2,2
2,46,F,Advanced,Evening,79.1,163.6,5
3,32,F,Intermediate,Evening,63.1,169.3,6
4,60,F,Intermediate,Morning,66.7,161.5,5
5,25,M,Intermediate,Afternoon,91.8,182.3,1
6,38,M,Intermediate,Evening,70.0,169.4,6
7,56,M,Beginner,Evening,67.3,164.4,7
8,36,M,Beginner,Morning,71.2,157.0,1
9,40,M,Advanced,Morning,67.6,174.8,3
10,28,M,Beginner,Evening,59.4,174.6,2
11,28,M,Beginner,Afternoon,55.0,162.1,4
12,41,M,Advanced,Afternoon,58.5,147.6,1
13,53,F,Advanced,Morning,83.1,174.1,4
14,57,F,Advanced,Morning,60.6,168.1,4
15,41,M,Beginner,Evening,67.7,173.4,2
16,20,M,Beginner,Morning,80.5,189.6,3
17,39,F,Advanced,Evening,65.8,169.7,2
18,19,M,Intermediate,Afternoon,79.5,164.9,6
19,41,M,Advanced,Afternoon,46.9,158.5,1
20,61,M,Intermediate,Evening,68.0,166.9,4
21,47,F,Intermediate,Morning,71.2,171.6,2
22,55,F,Advanced,Afternoon,70.3,170.5,2
23,19,F,Advanced,Morning,45.2,187.2,2
24,38,F,Advanced,Afternoon,88.0,175.0,1
25,50,F,Beginner,Evening,57.2,168.7,3
26,29,M,Intermediate,Evening,75.0,162.9,7
27,39,F,Beginner,Evening,70.1,172.7,2
28,61,M,Beginner,Afternoon,85.1,160.9,1
29,42,M,Advanced,Morning,102.8,171.8,4
30,44,F,Beginner,Morning,50.6,174.9,6
31,59,F,Advanced,Morning,60.3,167.8,7
32,45,M,Intermediate,Afternoon,72.8,163.7,5
33,33,M,Advanced,Afternoon,53.4,148.1,7
34,32,M,Beginner,Afternoon,81.7,181.4,7
35,64,F,Beginner,Afternoon,82.7,174.0,1
36,61,F,Advanced,Afternoon,78.4,174.3,5
37,20,F,Advanced,Morning,73.5,154.4,2
38,54,F,Beginner,Afternoon,90.5,183.8,2
39,24,F,Intermediate,Afternoon,52.7,165.3,7
40,38,M,Intermediate,Morning,71.0,167.1,1
41,26,F,Advanced,Afternoon,58.9,159.3,5
42,56,M,Intermediate,Morning,83.3,152.1,2
43,35,M,Beginner,Morning,42.5,181.6,4
44,21,M,Advanced,Evening,69.6,182.9,3
45,42,F,Beginner,Evening,75.0,168.3,3
46,31,F,Beginner,Evening,55.8,163.2,2
47,26,F,Intermediate,Evening,60.6,166.2,5
48,43,M,Advanced,Afternoon,70.2,166.5,6
49,19,M,Advanced,Evening,84.3,158.0,2
50,37,M,Intermediate,Morning,54.5,167.1,6
51,45,M,Beginner,Afternoon,57.1,171.5,6
52,64,M,Beginner,Evening,86.9,180.2,5
53,24,M,Beginner,Morning,65.9,170.1,6
54,61,F,Beginner,Afternoon,58.3,154.2,4
55,25,F,Advanced,Afternoon,80.9,173.5,5
56,64,F,Advanced,Evening,62.7,167.4,2
57,52,F,Intermediate,Afternoon,85.4,183.7,7
58,31,M,Intermediate,Morning,60.0,184.3,4
59,34,M,Advanced,Afternoon,67.6,184.6,1
60,53,F,Advanced,Morning,84.2,164.4,3
61,57,M,Beginner,Afternoon,66.6,189.9,2
62,21,F,Beginner,Evening,81.3,173.5,2
63,19,F,Intermediate,Morning,69.0,186.3,2
64,23,F,Advanced,Afternoon,99.7,165.0,4
65,59,M,Intermediate,Afternoon,93.5,167.0,1
66,21,F,Advanced,Afternoon,50.1,172.7,7
67,46,F,Beginner,Morning,77.8,171.5,5
68,35,F,Intermediate,Morning,57.8,182.5,1
69,43,M,Intermediate,Morning,72.9,167.7,4
70,61,M,Advanced,Evening,71.0,181.6,2
71,51,F,Beginner,Evening,54.2,177.3,3
72,27,M,Intermediate,Morning,85.9,167.9,2
73,53,M,Beginner,Afternoon,73.0,176.5,5
74,31,M,Intermediate,Evening,65.7,165.3,6
75,48,M,Beginner,Morning,63.4,193.5,3
76,32,M,Advanced,Afternoon,72.1,143.4,2
77,25,M,Intermediate,Evening,76.1,176.7,7
78,31,M,Intermediate,Afternoon,68.1,152.4,3
79,40,M,Beginner,Afternoon,27.5,167.7,6
80,57,M,Beginner,Afternoon,70.3,169.1,1
81,38,M,Intermediate,Afternoon,48.4,185.1,4
82,33,F,Advanced,Evening,66.9,163.1,2
83,62,F,Beginner,Evening,48.9,183.1,5
84,35,M,Beginner,Evening,48.8,158.2,1
85,64,F,Beginner,Morning,88.5,183.5,2
86,41,F,Intermediate,Evening,65.2,165.3,1
87,43,M,Intermediate,Afternoon,64.1,170.7,5
88,42,M,Intermediate,Evening,77.2,166.6,2
89,62,M,Intermediate,Afternoon,64.4,182.8,6
90,58,F,Advanced,Morning,101.6,180.9,6
91,46,F,Advanced,Afternoon,65.9,174.4,5
92,32,M,Intermediate,Afternoon,75.5,158.5,3
93,62,M,Advanced,Afternoon,84.6,162.8,5
94,18,M,Beginner,Morning,94.0,159.7,3
95,42,F,Beginner,Evening,58.9,147.5,2
96,24,F,Beginner,Evening,63.7,182.6,3
97,26,F,Intermediate,Morning,89.1,166.7,2
98,41,F,Beginner,Afternoon,82.2,166.6,2
99,18,M,Advanced,Evening,86.1,185.0,7
100,61,M,Intermediate,Morning,49.5,165.2,4
101,25,M,Advanced,Evening,93.2,161.6,2
102,41,M,Beginner,Morning,58.6,167.8,3
103,28,F,Beginner,Afternoon,72.9,158.7,4
104,34,F,Beginner,Evening,67.8,173.4,4
105,25,M,Intermediate,Morning,56.8,166.3,2
106,52,M,Advanced,Evening,48.8,164.9,5
107,52,F,Intermediate,Evening,43.8,164.1,5
108,50,M,Intermediate,Evening,71.8,168.9,6
109,22,F,Beginner,Evening,47.1,170.8,4
110,59,M,Intermediate,Morning,53.0,164.8,2
111,56,M,Intermediate,Afternoon,66.7,166.4,7
112,58,M,Beginner,Morning,30.4,169.2,5
113,45,M,Intermediate,Morning,81.7,168.2,7
114,24,M,Beginner,Morning,33.9,170.3,2
115,26,M,Beginner,Afternoon,68.8,163.2,2
116,25,M,Beginner,Evening,70.2,180.0,4
117,29,F,Beginner,Evening,78.1,171.0,7
118,51,F,Intermediate,Evening,69.4,165.0,6
119,50,F,Beginner,Afternoon,100.3,173.4,4
120,40,F,Beginner,Evening,73.2,169.3,1
121,41,F,Intermediate,Afternoon,85.8,152.7,7
122,54,M,Intermediate,Evening,59.1,173.4,5
123,52,M,Advanced,Evening,71.8,159.8,5
124,61,F,Intermediate,Morning,93.2,179.3,5
125,57,M,Intermediate,Afternoon,66.4,167.6,3
126,39,F,Advanced,Morning,72.9,177.8,2
127,44,F,Intermediate,Morning,84.7,163.7,4
128,52,M,Intermediate,Morning,58.9,170.7,5
129,18,M,Intermediate,Afternoon,37.6,182.1,1
130,52,M,Intermediate,Afternoon,73.8,167.3,5
131,54,F,Advanced,Evening,84.8,164.1,6
132,64,M,Intermediate,Morning,49.7,176.6,2
133,31,F,Intermediate,Evening,80.1,176.4,7
134,20,F,Advanced,Morning,80.2,164.5,2
135,18,F,Beginner,Afternoon,35.9,150.1,7
136,22,M,Advanced,Afternoon,56.0,163.9,7
137,43,M,Beginner,Afternoon,64.1,176.8,4
138,31,F,Advanced,Morning,67.3,162.2,3
139,56,M,Advanced,Afternoon,58.9,169.9,7
140,44,M,Intermediate,Morning,58.0,163.4,7
141,26,M,Beginner,Evening,95.1,150.7,4
142,32,F,Intermediate,Morning,68.4,163.2,5
143,32,F,Beginner,Evening,59.6,176.7,6
144,43,M,Advanced,Morning,69.4,146.3,1
145,59,F,Advanced,Evening,78.1,172.5,4
146,30,M,Beginner,Afternoon,70.8,158.1,3
147,49,M,Intermediate,Evening,66.9,176.1,4
148,56,M,Intermediate,Afternoon,60.2,177.1,2
149,49,M,Intermediate,Afternoon,60.1,168.3,5
150,21,F,Intermediate,Evening,61.0,168.3,5
151,47,F,Advanced,Morning,75.1,161.9,7
152,54,F,Advanced,Morning,55.1,156.5,5
153,40,M,Advanced,Morning,75.9,187.0,5
154,56,M,Advanced,Morning,91.2,161.3,5
155,62,M,Advanced,Morning,74.9,185.7,5
156,32,F,Intermediate,Afternoon,64.5,161.4,1
157,60,M,Intermediate,Morning,50.5,175.3,3
158,46,F,Intermediate,Afternoon,93.7,158.6,7
159,53,F,Intermediate,Afternoon,52.4,175.2,5
160,30,F,Advanced,Afternoon,82.7,166.7,7
161,49,F,Advanced,Evening,79.6,166.9,3
162,24,F,Advanced,Evening,66.4,176.1,6
163,39,F,Beginner,Afternoon,66.1,165.3,5
164,45,M,Intermediate,Evening,42.5,155.7,7
165,19,M,Intermediate,Morning,75.0,177.6,4
166,59,F,Advanced,Morning,79.3,158.5,7
167,62,F,Intermediate,Afternoon,53.7,175.2,5
168,23,M,Intermediate,Morning,67.7,179.7,2
169,45,F,Advanced,Afternoon,70.6,166.2,1
170,45,F,Beginner,Afternoon,78.8,181.8,4
171,61,M,Beginner,Morning,70.1,174.8,4
172,61,F,Beginner,Evening,45.6,163.0,2
173,37,F,Advanced,Morning,62.1,184.0,5
174,47,F,Intermediate,Morning,73.4,158.6,1
175,28,M,Advanced,Afternoon,82.6,166.2,4
176,45,M,Advanced,Afternoon,60.7,167.9,1
177,42,M,Intermediate,Afternoon,102.8,176.1,4
178,56,F,Beginner,Afternoon,41.6,181.2,5
179,50,F,Beginner,Evening,61.5,180.5,6
180,18,M,Advanced,Evening,68.8,172.2,4
181,44,F,Beginner,Evening,67.0,167.2,6
182,30,F,Advanced,Afternoon,51.5,151.7,4
183,58,F,Advanced,Afternoon,76.7,156.9,3
184,20,F,Intermediate,Afternoon,75.6,187.7,5
185,56,F,Intermediate,Evening,70.7,151.6,2
186,23,M,Intermediate,Afternoon,75.0,162.2,6
187,25,F,Advanced,Morning,63.6,181.4,2
188,44,M,Intermediate,Morning,45.7,172.1,5
189,26,F,Beginner,Afternoon,59.3,179.3,7
190,54,M,Beginner,Morning,72.4,175.4,2
191,50,F,Advanced,Morning,72.4,184.7,5
192,59,M,Advanced,Evening,70.6,173.0,2
193,61,F,Intermediate,Afternoon,78.2,176.6,6
194,41,M,Advanced,Afternoon,61.3,162.8,3
195,32,F,Advanced,Evening,70.4,175.9,2
196,49,M,Beginner,Morning,78.6,166.0,6
197,49,F,Beginner,Morning,68.7,165.5,4
198,41,M,Intermediate,Afternoon,51.4,178.9,5
199,58,M,Advanced,Morning,55.6,179.0,1
200,29,F,Advanced,Evening,82.5,186.9,7
201,56,F,Beginner,Evening,90.9,186.2,1
202,19,M,Advanced,Afternoon,87.6,179.2,5
203,20,F,Beginner,Evening,73.5,152.8,3
204,54,M,Intermediate,Evening,52.0,188.3,2
205,34,M,Beginner,Afternoon,69.9,179.2,3
206,19,M,Advanced,Evening,93.4,162.3,1
207,19,F,Intermediate,Evening,79.3,177.3,7
208,45,M,Beginner,Evening,66.9,159.6,6
209,40,M,Beginner,Morning,79.4,176.2,7
210,54,F,Intermediate,Afternoon,51.0,156.8,5
211,49,F,Intermediate,Afternoon,59.6,161.9,5
212,50,F,Beginner,Afternoon,53.7,177.1,3
213,18,F,Advanced,Morning,77.0,180.7,6
214,36,M,Beginner,Morning,80.7,173.3,3
215,19,M,Intermediate,Afternoon,67.7,167.1,2
216,61,M,Beginner,Morning,56.9,148.9,4
217,43,M,Intermediate,Afternoon,69.7,167.9,6
218,49,F,Intermediate,Morning,62.7,175.3,4
219,23,M,Advanced,Evening,58.1,166.8,7
220,49,M,Intermediate,Evening,75.1,169.8,2
221,21,F,Intermediate,Afternoon,58.6,168.1,4
222,28,M,Advanced,Morning,46.5,166.8,1
223,34,M,Intermediate,Morning,49.8,170.8,7
224,55,M,Advanced,Evening,46.0,167.3,4
225,41,M,Advanced,Evening,73.7,184.4,2
226,22,M,Intermediate,Morning,72.3,147.9,4
227,51,M,Intermediate,Morning,71.5,164.5,5
228,23,F,Beginner,Morning,78.8,161.3,3
229,39,F,Advanced,Morning,87.9,172.2,1
230,28,M,Beginner,Morning,61.1,170.8,5
231,33,M,Intermediate,Morning,76.1,186.2,5
232,50,F,Beginner,Afternoon,46.3,189.5,2
233,26,M,Advanced,Morning,90.7,162.3,3
234,23,M,Beginner,Evening,51.3,170.0,3
235,33,M,Advanced,Afternoon,59.3,172.0,6
236,46,F,Intermediate,Morning,61.0,162.0,7
237,20,M,Intermediate,Evening,47.1,176.3,1
238,37,F,Advanced,Afternoon,70.5,167.6,7
239,53,M,Intermediate,Evening,73.2,159.3,2
240,36,F,Intermediate,Morning,67.2,167.2,1
241,43,F,Intermediate,Morning,46.9,160.0,6
242,20,M,Intermediate,Morning,99.8,180.4,4
243,36,F,Advanced,Morning,78.2,189.0,5
244,37,M,Beginner,Afternoon,109.5,172.4,1
245,49,F,Beginner,Afternoon,57.9,171.1,7
246,24,M,Intermediate,Evening,84.4,171.5,5
247,58,M,Beginner,Morning,81.7,181.8,2
248,50,F,Beginner,Evening,65.6,181.6,7
249,57,M,Intermediate,Afternoon,91.2,168.8,4
250,56,M,Intermediate,Morning,63.9,172.5,2
251,35,F,Beginner,Morning,64.6,176.5,4
252,57,M,Advanced,Afternoon,17.9,158.6,4
253,18,M,Intermediate,Afternoon,76.1,182.1,5
254,28,F,Advanced,Afternoon,50.1,187.3,2
255,45,F,Beginner,Afternoon,61.7,181.7,2
256,42,M,Intermediate,Afternoon,54.6,157.5,1
257,40,M,Advanced,Morning,64.5,150.3,7
258,48,F,Intermediate,Afternoon,76.7,177.1,2
259,47,F,Beginner,Morning,70.2,162.4,1
260,59,M,Advanced,Morning,80.6,172.9,3
261,52,F,Beginner,Afternoon,89.0,185.4,3
262,24,M,Beginner,Afternoon,64.5,163.4,3
263,33,M,Intermediate,Morning,62.8,166.2,6
264,43,M,Advanced,Afternoon,84.4,172.8,2
265,19,M,Beginner,Afternoon,85.6,157.0,6
266,18,M,Beginner,Afternoon,81.1,162.4,7
267,29,F,Advanced,Evening,55.7,170.2,2
268,22,F,Beginner,Morning,76.3,167.0,1
269,54,F,Beginner,Evening,71.6,176.1,6
270,49,F,Advanced,Afternoon,85.8,197.7,6
271,26,M,Advanced,Evening,61.4,171.0,7
272,58,M,Advanced,Afternoon,45.0,161.6,6
273,52,M,Advanced,Evening,80.4,184.2,4
274,36,M,Intermediate,Afternoon,31.6,154.1,1
275,33,F,Advanced,Evening,59.0,156.1,3
276,20,M,Intermediate,Evening,54.7,164.0,1
277,37,M,Intermediate,Evening,54.6,167.2,4
278,41,F,Intermediate,Morning,58.8,163.8,7
279,50,F,Beginner,Evening,88.3,169.7,7
280,41,F,Intermediate,Morning,82.3,172.7,2
281,28,F,Intermediate,Afternoon,66.2,180.7,1
282,25,M,Beginner,Evening,87.0,170.9,7
283,53,M,Beginner,Afternoon,54.1,164.4,6
284,55,F,Beginner,Afternoon,52.0,180.1,7
285,57,M,Advanced,Evening,83.0,161.8,7
286,37,M,Beginner,Morning,78.7,153.7,7
287,52,M,Beginner,Evening,63.1,182.1,7
288,42,F,Intermediate,Afternoon,53.0,181.4,3
289,52,M,Beginner,Afternoon,91.9,162.1,3
290,42,F,Advanced,Evening,44.2,166.0,2
291,46,M,Beginner,Morning,61.0,160.8,7
292,35,M,Advanced,Morning,73.4,173.3,1
293,63,M,Beginner,Afternoon,97.0,187.3,4
294,35,F,Beginner,Afternoon,75.7,177.0,2
295,19,M,Beginner,Morning,77.2,180.4,1
296,52,F,Beginner,Evening,61.5,178.2,7
297,33,F,Advanced,Afternoon,78.5,170.0,5
298,58,F,Advanced,Morning,71.6,180.8,7
299,53,M,Intermediate,Afternoon,46.2,177.5,3
300,50,M,Advanced,Evening,81.9,184.4,4
301,21,M,Beginner,Morning,84.6,165.4,6
302,50,M,Intermediate,Afternoon,82.1,152.6,4
303,31,F,Intermediate,Evening,70.5,180.5,6
304,38,F,Intermediate,Afternoon,55.7,173.5,4
305,37,F,Beginner,Evening,35.4,167.0,3
306,25,M,Advanced,Evening,72.4,167.6,6
307,24,F,Beginner,Morning,86.2,195.5,1
308,20,M,Intermediate,Evening,84.9,163.6,6
309,34,F,Beginner,Afternoon,82.2,161.5,2
310,50,M,Beginner,Evening,68.9,170.9,1
311,29,M,Advanced,Evening,86.3,181.8,2
312,39,F,Advanced,Morning,83.9,192.8,7
313,39,F,Intermediate,Evening,63.7,176.6,4
314,63,F,Beginner,Evening,80.1,157.3,1
315,47,F,Beginner,Afternoon,62.0,189.7,4
316,55,M,Advanced,Morning,78.1,169.8,7
317,55,F,Beginner,Morning,50.5,161.6,5
318,62,F,Beginner,Morning,51.7,159.2,4
319,25,F,Beginner,Evening,85.9,178.4,7
320,44,M,Advanced,Morning,84.1,172.4,4
321,44,M,Intermediate,Evening,79.5,173.5,7
322,51,F,Intermediate,Evening,71.3,182.9,2
323,38,M,Beginner,Afternoon,34.1,162.0,7
324,47,F,Intermediate,Afternoon,68.9,183.7,6
325,50,M,Advanced,Afternoon,76.8,164.8,5
326,45,M,Advanced,Afternoon,62.0,191.6,4
327,64,M,Intermediate,Afternoon,59.3,176.0,7
328,50,M,Intermediate,Evening,91.7,160.8,7
329,22,F,Beginner,Evening,69.1,149.7,4
330,36,F,Intermediate,Morning,76.8,178.1,5
331,21,F,Beginner,Evening,81.6,166.3,5
332,52,M,Beginner,Evening,55.0,168.4,7
333,34,F,Advanced,Afternoon,72.9,177.7,1
334,61,F,Advanced,Evening,89.8,180.1,2
335,45,F,Advanced,Afternoon,97.3,182.2,5
336,47,M,Advanced,Morning,70.6,158.3,5
337,46,M,Intermediate,Morning,66.4,184.3,3
338,63,M,Advanced,Evening,74.0,164.2,6
339,23,F,Intermediate,Morning,73.7,147.4,5
340,52,F,Advanced,Evening,90.8,158.2,2
341,58,F,Intermediate,Morning,55.1,172.2,6
342,54,M,Beginner,Afternoon,65.8,160.2,6
343,41,M,Intermediate,Afternoon,53.2,169.1,4
344,46,F,Intermediate,Afternoon,54.8,173.4,4
345,63,M,Advanced,Afternoon,75.6,168.2,4
346,48,M,Intermediate,Evening,82.1,165.1,4
347,52,M,Beginner,Morning,60.3,157.5,3
348,50,M,Beginner,Evening,81.6,170.2,5
349,38,F,Advanced,Afternoon,86.7,149.4,4
350,49,M,Beginner,Evening,99.0,163.1,7
351,40,M,Intermediate,Morning,71.0,160.7,1
352,50,M,Beginner,Evening,60.4,167.6,4
353,20,M,Advanced,Morning,55.0,167.9,5
354,35,F,Intermediate,Evening,53.5,179.6,4
355,42,F,Advanced,Morning,88.7,185.8,3
356,59,M,Intermediate,Morning,47.3,158.8,2
357,48,M,Beginner,Afternoon,88.3,189.9,2
358,20,M,Advanced,Morning,57.0,162.2,5
359,57,M,Advanced,Afternoon,59.7,171.7,7
360,63,M,Intermediate,Afternoon,67.7,175.1,2
361,41,M,Advanced,Afternoon,59.4,194.4,2
362,49,F,Intermediate,Evening,84.0,164.6,1
363,64,M,Intermediate,Evening,97.2,152.0,5
364,39,F,Intermediate,Evening,60.1,184.9,7
365,40,F,Intermediate,Evening,63.5,161.7,5
366,19,M,Beginner,Morning,67.6,166.4,2
367,44,F,Intermediate,Morning,78.1,158.8,2
368,59,F,Advanced,Evening,67.7,166.4,2
369,19,F,Beginner,Morning,90.8,161.6,6
370,43,F,Advanced,Morning,87.2,176.8,3
371,34,F,Beginner,Afternoon,52.2,170.8,4
372,57,F,Intermediate,Afternoon,77.8,163.2,3
373,50,M,Beginner,Afternoon,92.8,180.0,5
374,26,F,Beginner,Afternoon,62.6,172.5,1
375,60,F,Advanced,Morning,65.6,151.5,4
376,56,F,Advanced,Evening,62.1,179.2,1
377,46,M,Intermediate,Morning,62.4,171.8,7
378,59,F,Beginner,Morning,45.0,183.9,6
379,43,M,Beginner,Morning,50.1,171.2,5
380,52,F,Beginner,Afternoon,71.2,162.1,6
381,42,M,Intermediate,Afternoon,92.7,168.0,5
382,41,M,Intermediate,Afternoon,60.8,178.0,1
383,30,F,Intermediate,Evening,60.4,162.3,1
384,24,F,Intermediate,Morning,95.5,165.6,1
385,53,M,Intermediate,Evening,53.4,167.8,5
386,62,F,Advanced,Afternoon,45.1,158.5,2
387,37,M,Beginner,Evening,57.6,162.4,1
388,18,M,Beginner,Morning,60.1,171.7,6
389,25,M,Beginner,Morning,43.8,182.0,7
390,63,M,Beginner,Afternoon,68.1,173.2,4
391,33,M,Beginner,Afternoon,84.2,169.5,5
392,31,F,Beginner,Evening,50.7,161.7,6
393,29,M,Beginner,Afternoon,71.3,181.0,3
394,40,M,Beginner,Afternoon,75.9,174.3,7
395,32,F,Advanced,Morning,68.7,162.9,3
396,45,M,Beginner,Afternoon,72.8,179.0,4
397,51,F,Advanced,Afternoon,73.0,175.6,2
398,19,F,Intermediate,Morning,57.8,161.9,1
399,49,F,Beginner,Morning,92.5,169.0,5
400,40,M,Intermediate,Evening,88.7,165.1,6
401,39,M,Intermediate,Afternoon,87.8,196.3,1
402,42,M,Intermediate,Morning,85.2,175.3,6
403,39,F,Advanced,Evening,46.4,171.9,5
404,39,M,Intermediate,Evening,83.9,174.7,3
405,59,F,Intermediate,Afternoon,79.8,183.8,1
406,23,M,Intermediate,Afternoon,47.0,169.2,4
407,32,F,Beginner,Evening,66.8,164.1,2
408,60,M,Beginner,Morning,74.2,178.4,4
409,54,M,Advanced,Evening,95.0,168.3,2
410,50,M,Advanced,Afternoon,80.9,159.3,7
411,25,F,Beginner,Morning,57.0,157.4,6
412,61,F,Advanced,Morning,95.4,185.3,1
413,61,M,Beginner,Evening,70.7,171.3,1
414,22,M,Intermediate,Afternoon,66.2,164.1,7
415,56,F,Intermediate,Evening,65.1,167.7,2
416,21,F,Advanced,Evening,45.6,178.1,3
417,23,F,Beginner,Evening,68.4,167.1,5
418,62,M,Beginner,Morning,77.5,155.5,4
419,49,F,Advanced,Morning,64.2,173.3,7
420,47,M,Beginner,Afternoon,76.3,182.1,6
421,64,F,Intermediate,Afternoon,57.0,181.4,7
422,52,M,Advanced,Evening,67.9,164.4,4
423,57,F,Advanced,Evening,74.7,182.7,4
424,33,F,Beginner,Evening,72.8,172.1,6
425,30,F,Advanced,Afternoon,45.9,182.4,6
426,59,F,Beginner,Morning,63.4,175.7,1
427,47,F,Beginner,Morning,95.2,154.8,4
428,36,M,Beginner,Evening,62.6,187.5,5
429,34,F,Beginner,Evening,70.2,170.5,5
430,36,F,Beginner,Evening,68.7,175.8,2
431,45,F,Advanced,Evening,93.5,156.6,7
432,43,M,Intermediate,Afternoon,89.4,175.1,6
433,54,F,Intermediate,Morning,82.1,181.0,1
434,43,M,Advanced,Evening,55.4,189.4,5
435,40,F,Advanced,Afternoon,75.4,184.0,3
436,26,F,Intermediate,Evening,78.5,175.5,1
437,29,M,Intermediate,Evening,59.5,154.6,1
438,18,F,Intermediate,Morning,56.9,171.3,5
439,18,M,Intermediate,Evening,95.6,164.1,3
440,64,M,Intermediate,Morning,65.5,172.3,2
441,51,F,Beginner,Morning,94.2,157.8,5
442,49,M,Advanced,Morning,85.0,167.9,3
443,42,F,Beginner,Afternoon,76.1,164.8,1
444,57,F,Intermediate,Afternoon,76.8,164.5,3
445,62,M,Intermediate,Morning,49.0,164.6,1
446,18,M,Intermediate,Evening,73.1,168.6,7
447,33,M,Beginner,Morning,91.3,172.9,5
448,56,M,Beginner,Evening,80.2,145.0,6
449,22,F,Intermediate,Morning,72.3,146.2,5
450,39,F,Beginner,Evening,95.7,166.6,7
451,46,M,Beginner,Afternoon,67.2,168.0,4
452,20,F,Intermediate,Evening,60.7,171.9,4
453,29,F,Beginner,Morning,72.3,162.7,4
454,43,F,Advanced,Afternoon,81.5,170.1,5
455,33,F,Advanced,Evening,44.2,171.3,2
456,54,M,Advanced,Evening,74.3,162.7,5
457,39,M,Advanced,Evening,82.2,180.1,7
458,46,F,Intermediate,Evening,66.0,171.8,7
459,31,M,Intermediate,Evening,86.6,175.5,6
460,45,M,Intermediate,Afternoon,79.6,170.7,3
461,22,M,Advanced,Afternoon,102.1,191.0,5
462,64,F,Advanced,Afternoon,58.7,176.0,5
463,47,F,Beginner,Afternoon,82.5,165.1,1
464,63,F,Beginner,Morning,54.7,178.2,7
465,22,M,Advanced,Afternoon,45.8,153.6,1
466,29,F,Advanced,Evening,39.5,171.2,1
467,33,F,Advanced,Evening,78.1,173.2,5
468,43,M,Advanced,Afternoon,72.8,171.3,2
469,43,F,Beginner,Evening,62.8,166.7,3
470,38,F,Advanced,Afternoon,43.4,159.9,3
471,56,M,Beginner,Evening,59.6,162.1,7
472,53,M,Advanced,Morning,70.1,171.0,6
473,50,M,Advanced,Morning,81.9,158.9,7
474,47,F,Advanced,Afternoon,69.8,187.7,2
475,54,F,Beginner,Afternoon,73.8,143.6,2
476,40,F,Beginner,Afternoon,64.4,166.8,3
477,27,M,Intermediate,Evening,96.2,171.1,4
478,22,M,Advanced,Afternoon,54.7,175.1,1
479,53,F,Intermediate,Morning,59.5,160.8,1
480,51,F,Intermediate,Evening,62.6,181.3,3
481,48,M,Beginner,Afternoon,78.1,156.1,7
482,27,M,Beginner,Evening,54.4,164.3,2
483,36,M,Intermediate,Evening,72.0,176.2,7
484,49,M,Advanced,Afternoon,72.5,180.4,6
485,18,F,Beginner,Evening,59.6,156.0,4
486,22,M,Advanced,Morning,74.9,196.5,3
487,62,F,Advanced,Morning,54.9,161.0,1
488,21,F,Intermediate,Evening,53.2,156.9,5
489,33,F,Intermediate,Afternoon,71.5,175.0,7
490,41,M,Intermediate,Evening,45.1,166.5,2
491,33,M,Intermediate,Morning,37.8,165.0,5
492,19,M,Beginner,Evening,78.0,176.0,6
493,45,M,Beginner,Evening,85.7,154.7,3
494,49,F,Intermediate,Morning,63.0,153.0,7
495,44,M,Beginner,Evening,60.0,164.0,1
496,37,M,Intermediate,Evening,85.1,180.8,7
497,41,F,Advanced,Afternoon,52.8,164.5,4
498,29,M,Advanced,Afternoon,49.5,186.0,5
499,52,F,Advanced,Morning,80.6,182.0,4
500,50,F,Intermediate,Morning,70.1,172.8,6
501,50,F,Advanced,Morning,86.0,173.4,1
502,60,F,Beginner,Afternoon,37.9,172.8,5
503,54,F,Advanced,Morning,49.0,171.6,6
504,29,F,Advanced,Morning,70.2,166.3,4
505,20,F,Advanced,Morning,76.3,167.5,4
506,18,F,Beginner,Afternoon,82.7,159.3,5
507,50,M,Intermediate,Evening,72.6,147.9,1
508,57,M,Beginner,Morning,72.5,181.0,4
509,27,M,Intermediate,Evening,64.2,171.6,3
510,60,M,Intermediate,Morning,93.9,170.1,6
511,61,F,Advanced,Evening,53.5,174.0,5
512,46,M,Intermediate,Afternoon,75.4,161.7,2
513,30,F,Beginner,Afternoon,55.2,160.0,2
514,29,M,Beginner,Morning,78.0,167.2,1
515,48,M,Intermediate,Evening,54.4,183.7,3
516,63,M,Advanced,Afternoon,81.2,158.3,4
517,19,F,Advanced,Morning,71.7,143.7,2
518,52,M,Beginner,Morning,96.2,164.8,1
519,40,F,Advanced,Afternoon,65.8,181.4,6
520,34,F,Intermediate,Afternoon,76.4,152.7,3
521,43,M,Intermediate,Morning,58.3,158.2,3
522,25,M,Beginner,Evening,65.7,172.6,7
523,46,M,Intermediate,Evening,71.6,195.7,1
524,43,F,Beginner,Evening,47.1,156.4,1
525,27,M,Intermediate,Morning,48.7,156.0,7
526,43,F,Beginner,Afternoon,79.0,173.4,4
527,51,F,Advanced,Morning,67.8,182.0,1
528,58,M,Intermediate,Afternoon,61.1,163.8,7
529,24,M,Intermediate,Evening,58.9,153.8,4
530,21,F,Beginner,Evening,59.5,174.3,4
531,62,F,Beginner,Afternoon,71.7,176.1,5
532,28,F,Intermediate,Afternoon,76.7,187.8,3
533,46,M,Beginner,Morning,38.6,176.6,6
534,53,F,Intermediate,Evening,91.2,178.3,3
535,42,M,Advanced,Morning,90.1,167.4,3
536,38,F,Beginner,Morning,35.0,194.4,5
537,53,F,Intermediate,Morning,86.3,166.0,4
538,27,M,Advanced,Evening,85.8,163.9,4
539,54,F,Advanced,Morning,70.0,188.1,1
540,26,M,Intermediate,Morning,50.5,155.3,5
541,41,M,Beginner,Morning,85.2,151.5,1
542,52,F,Intermediate,Morning,66.4,171.2,5
543,52,M,Advanced,Morning,78.2,170.0,1
544,53,M,Intermediate,Morning,103.3,167.7,2
545,35,F,Beginner,Evening,73.8,179.9,7
546,56,M,Advanced,Morning,56.2,160.9,3
547,49,M,Intermediate,Afternoon,65.0,170.6,3
548,41,M,Beginner,Morning,58.2,166.4,6
549,40,F,Advanced,Morning,76.5,161.1,7
550,49,M,Beginner,Evening,57.9,169.4,4
551,54,F,Advanced,Evening,62.9,178.5,6
552,29,F,Intermediate,Afternoon,50.7,191.2,2
553,30,M,Beginner,Afternoon,68.0,175.8,6
554,40,M,Advanced,Evening,72.7,144.9,3
555,42,M,Beginner,Evening,29.7,169.6,4
556,52,F,Beginner,Morning,73.9,170.5,2
557,58,M,Intermediate,Evening,69.3,179.4,3
558,47,M,Beginner,Afternoon,58.5,171.8,7
559,34,M,Advanced,Morning,100.4,182.5,1
560,37,M,Advanced,Afternoon,84.4,173.9,5
561,42,M,Advanced,Morning,53.6,185.6,2
562,39,F,Advanced,Evening,82.6,165.6,4
563,30,F,Intermediate,Afternoon,88.7,171.4,6
564,36,M,Beginner,Morning,72.0,178.3,7
565,53,M,Intermediate,Morning,75.4,164.3,6
566,29,M,Beginner,Evening,75.1,162.1,2
567,58,M,Beginner,Evening,38.7,163.7,7
568,36,F,Beginner,Evening,67.2,162.5,4
569,29,M,Intermediate,Afternoon,66.4,175.2,2
570,26,F,Beginner,Morning,91.5,151.7,4
571,24,F,Intermediate,Evening,75.0,154.4,6
572,45,M,Advanced,Afternoon,65.5,188.6,3
573,31,F,Advanced,Afternoon,68.6,162.7,7
574,48,F,Beginner,Afternoon,85.4,172.0,1
575,36,F,Intermediate,Evening,67.2,155.1,3
576,64,F,Advanced,Evening,59.5,170.9,1
577,33,M,Intermediate,Morning,65.9,162.8,6
578,22,M,Intermediate,Morning,84.1,154.4,7
579,52,F,Beginner,Evening,77.4,183.4,3
580,29,M,Advanced,Afternoon,70.7,181.8,3
581,42,M,Beginner,Afternoon,72.9,168.9,2
582,38,M,Beginner,Afternoon,61.6,180.0,5
583,53,M,Advanced,Morning,67.1,189.0,6
584,40,M,Advanced,Afternoon,60.1,177.5,4
585,33,F,Intermediate,Morning,65.6,174.8,6
586,56,M,Advanced,Morning,90.2,172.0,4
587,62,M,Intermediate,Afternoon,53.8,176.5,7
588,59,M,Intermediate,Afternoon,59.7,166.4,4
589,56,M,Intermediate,Evening,51.2,167.2,1
590,31,F,Advanced,Evening,47.9,174.5,4
591,48,F,Beginner,Afternoon,67.2,165.3,4
592,22,F,Intermediate,Morning,60.7,166.3,2
593,52,F,Beginner,Morning,96.4,170.0,3
594,40,M,Beginner,Morning,65.8,181.5,6
595,46,F,Advanced,Morning,89.3,158.7,6
596,60,M,Beginner,Morning,84.5,177.6,7
597,28,M,Beginner,Evening,66.9,177.9,7
598,35,M,Advanced,Afternoon,101.7,177.9,4
599,64,M,Intermediate,Evening,74.0,161.9,5
600,29,M,Beginner,Morning,92.7,153.1,6
601,26,F,Advanced,Morning,90.9,175.6,7
602,27,F,Beginner,Morning,76.2,171.9,4
603,61,F,Beginner,Morning,81.3,180.0,7
604,34,F,Intermediate,Afternoon,79.4,163.0,1
605,55,M,Beginner,Morning,52.8,177.6,1
606,24,F,Advanced,Afternoon,70.9,180.5,7
607,63,M,Beginner,Morning,86.1,169.0,1
608,30,F,Intermediate,Afternoon,92.9,174.2,7
609,57,M,Intermediate,Evening,59.2,173.8,4
610,59,M,Advanced,Morning,77.9,161.8,2
611,26,F,Intermediate,Afternoon,72.3,175.3,5
612,44,M,Beginner,Evening,68.2,186.2,4
613,19,M,Intermediate,Morning,75.3,170.2,2
614,22,F,Advanced,Morning,73.3,155.4,2
615,46,M,Intermediate,Morning,78.1,163.1,6
616,54,F,Intermediate,Afternoon,91.6,152.2,4
617,55,F,Intermediate,Afternoon,81.8,182.9,4
618,36,F,Advanced,Evening,74.7,177.6,7
619,25,M,Intermediate,Afternoon,98.0,165.0,2
620,62,M,Intermediate,Afternoon,86.6,155.8,2
621,18,M,Beginner,Morning,68.6,161.7,2
622,39,F,Advanced,Morning,51.7,163.6,7
623,34,M,Intermediate,Morning,55.2,171.1,6
624,24,F,Advanced,Morning,84.0,170.8,4
625,42,F,Intermediate,Morning,60.5,183.4,2
626,62,M,Intermediate,Morning,54.9,163.1,1
627,21,F,Intermediate,Morning,58.6,154.9,4
628,53,M,Beginner,Evening,59.7,158.4,7
629,23,M,Beginner,Evening,82.8,169.8,6
630,48,M,Beginner,Evening,67.6,162.7,1
631,36,M,Advanced,Evening,49.4,167.1,7
632,61,M,Advanced,Morning,70.5,165.5,3
633,56,F,Beginner,Evening,73.3,179.9,4
634,44,F,Advanced,Morning,62.8,164.1,3
635,27,F,Intermediate,Evening,87.3,166.2,7
636,43,M,Intermediate,Afternoon,63.7,177.2,7
637,36,M,Intermediate,Evening,86.6,164.4,7
638,56,M,Beginner,Evening,79.0,174.2,2
639,20,F,Advanced,Morning,83.9,173.3,6
640,62,M,Beginner,Evening,53.5,171.4,2
641,30,F,Advanced,Afternoon,71.5,158.7,6
642,45,F,Intermediate,Morning,69.2,182.3,5
643,37,M,Beginner,Morning,48.7,192.2,2
644,45,M,Advanced,Evening,86.6,170.1,3
645,25,F,Advanced,Morning,57.7,159.5,6
646,58,M,Intermediate,Morning,60.9,170.3,2
647,56,F,Beginner,Morning,54.8,179.9,4
648,18,M,Beginner,Morning,80.5,163.8,7
649,20,M,Beginner,Morning,47.1,168.7,6
650,30,F,Intermediate,Morning,79.3,173.4,6
651,45,M,Beginner,Afternoon,85.7,182.0,2
652,42,F,Intermediate,Evening,78.1,177.8,5
653,50,M,Intermediate,Afternoon,80.7,178.2,2
654,55,F,Intermediate,Morning,81.4,165.7,3
655,23,F,Advanced,Morning,55.8,174.0,3
656,61,M,Beginner,Evening,91.5,162.8,6
657,62,F,Beginner,Afternoon,63.1,178.5,6
658,49,M,Intermediate,Evening,69.0,181.5,2
659,62,M,Intermediate,Afternoon,65.0,175.5,3
660,64,M,Beginner,Morning,77.4,166.3,3
661,38,F,Intermediate,Evening,61.9,168.0,5
662,33,F,Beginner,Evening,71.0,188.1,4
663,38,M,Advanced,Morning,51.5,166.5,5
664,28,M,Intermediate,Evening,87.5,180.5,1
665,54,F,Beginner,Afternoon,80.1,173.4,7
666,53,M,Intermediate,Afternoon,65.6,166.7,5
667,52,M,Beginner,Afternoon,63.0,156.6,2
668,36,F,Beginner,Afternoon,79.7,172.1,4
669,37,M,Intermediate,Morning,59.4,170.9,2
670,35,F,Advanced,Evening,71.9,188.1,7
671,64,M,Beginner,Afternoon,87.4,161.4,1
672,58,F,Beginner,Morning,57.8,192.9,4
673,31,M,Beginner,Evening,75.5,173.8,6
674,32,M,Advanced,Evening,74.7,173.8,3
675,48,F,Advanced,Morning,68.5,164.1,5
676,18,M,Intermediate,Morning,62.4,173.1,2
677,20,F,Advanced,Afternoon,88.2,174.7,1
678,33,M,Intermediate,Evening,61.0,179.4,3
679,40,F,Intermediate,Evening,42.8,160.2,5
680,28,F,Advanced,Morning,79.6,184.1,3
681,29,F,Intermediate,Evening,52.0,173.6,5
682,27,F,Advanced,Afternoon,80.4,176.1,6
683,49,M,Intermediate,Evening,90.0,167.8,4
684,33,M,Advanced,Morning,79.4,160.7,3
685,25,F,Advanced,Morning,86.1,170.7,3
686,55,F,Intermediate,Afternoon,100.3,171.9,3
687,29,F,Beginner,Afternoon,84.5,156.1,4
688,41,M,Intermediate,Evening,75.0,177.9,1
689,45,M,Advanced,Evening,94.5,180.0,5
690,25,M,Beginner,Morning,96.3,162.7,6
691,45,M,Intermediate,Afternoon,96.5,159.8,3
692,53,F,Intermediate,Afternoon,62.6,167.0,7
693,43,F,Intermediate,Afternoon,49.7,170.2,4
694,25,F,Beginner,Evening,61.7,167.4,1
695,45,M,Advanced,Afternoon,80.6,169.4,5
696,45,M,Intermediate,Morning,72.4,172.2,4
697,54,M,Intermediate,Morning,66.9,156.3,6
698,58,F,Intermediate,Evening,78.4,157.5,6
699,53,F,Intermediate,Evening,47.9,142.8,5
700,44,M,Intermediate,Afternoon,72.1,179.4,3
701,34,F,Advanced,Evening,86.8,170.2,6
702,26,M,Advanced,Morning,78.2,180.5,1
703,50,M,Intermediate,Afternoon,80.4,158.6,4
704,37,F,Beginner,Morning,94.0,170.2,1
705,30,M,Advanced,Afternoon,69.0,172.1,3
706,45,F,Beginner,Evening,60.2,164.4,1
707,46,M,Advanced,Afternoon,87.8,154.5,1
708,30,F,Intermediate,Afternoon,87.6,187.5,2
709,63,F,Advanced,Morning,78.4,184.0,1
710,52,F,Intermediate,Morning,67.6,166.2,5
711,23,M,Advanced,Afternoon,70.0,175.1,4
712,35,M,Intermediate,Evening,50.8,165.2,2
713,22,F,Intermediate,Evening,86.7,160.0,4
714,64,F,Intermediate,Morning,86.2,188.3,4
715,42,M,Intermediate,Evening,50.3,153.4,3
716,19,M,Beginner,Morning,83.0,167.1,3
717,27,M,Intermediate,Evening,76.1,170.8,2
718,47,F,Beginner,Afternoon,54.7,186.5,6
719,62,M,Beginner,Morning,51.9,179.0,7
720,22,M,Intermediate,Morning,75.6,153.3,3
721,50,F,Beginner,Afternoon,64.0,170.0,7
722,18,M,Advanced,Morning,97.3,170.2,3
723,35,M,Intermediate,Evening,84.3,167.7,3
724,49,M,Beginner,Evening,77.1,176.2,4
725,64,F,Intermediate,Morning,77.8,155.9,2
726,28,F,Intermediate,Evening,90.0,165.9,4
727,38,F,Intermediate,Morning,82.7,174.8,5
728,43,F,Beginner,Afternoon,77.5,176.8,4
729,42,F,Advanced,Morning,55.3,171.5,7
730,39,F,Advanced,Afternoon,115.9,167.1,7
731,44,F,Beginner,Evening,53.5,168.8,5
732,30,M,Intermediate,Afternoon,65.3,177.4,1
733,50,M,Beginner,Evening,45.2,170.3,1
734,51,F,Beginner,Morning,78.1,159.6,5
735,58,M,Beginner,Evening,72.3,157.7,5
736,52,M,Intermediate,Morning,81.5,155.1,4
737,18,F,Beginner,Morning,43.9,184.6,5
738,38,M,Intermediate,Afternoon,86.7,178.1,2
739,23,M,Beginner,Afternoon,57.9,168.9,1
740,45,M,Advanced,Afternoon,67.8,165.5,1
741,34,M,Beginner,Afternoon,84.0,164.3,6
742,22,M,Beginner,Evening,73.9,180.9,5
743,48,F,Advanced,Evening,75.0,189.0,3
744,22,F,Intermediate,Evening,82.0,163.9,3
745,55,F,Intermediate,Morning,76.4,181.4,5
746,20,M,Beginner,Evening,64.9,170.3,2
747,40,F,Advanced,Evening,67.5,167.9,3
748,54,M,Intermediate,Evening,73.2,185.0,6
749,54,M,Beginner,Afternoon,56.6,169.9,7
750,27,M,Advanced,Evening,84.9,173.0,5
751,27,M,Intermediate,Morning,74.3,172.5,2
752,36,F,Intermediate,Afternoon,71.1,153.7,2
753,34,F,Advanced,Morning,87.9,172.9,4
754,38,M,Advanced,Evening,68.2,164.4,2
755,31,F,Advanced,Afternoon,67.3,155.8,3
756,26,M,Advanced,Morning,62.7,164.8,7
757,63,F,Beginner,Evening,75.1,164.7,3
758,18,F,Advanced,Morning,74.6,180.3,5
759,62,M,Intermediate,Morning,60.0,159.4,7
760,30,F,Intermediate,Morning,67.3,162.1,5
761,21,M,Beginner,Evening,60.1,172.4,2
762,18,F,Intermediate,Evening,59.4,156.7,6
763,57,M,Intermediate,Morning,44.1,163.4,1
764,49,M,Advanced,Afternoon,66.5,153.4,7
765,51,F,Intermediate,Afternoon,44.5,179.2,4
766,45,F,Beginner,Evening,63.1,167.0,1
767,48,M,Advanced,Evening,60.8,169.8,2
768,25,F,Advanced,Evening,85.8,179.2,2
769,56,F,Beginner,Evening,54.8,162.8,1
770,43,M,Advanced,Evening,58.6,166.9,4
771,51,M,Advanced,Afternoon,64.3,159.4,7
772,20,F,Beginner,Evening,61.3,159.4,7
773,29,M,Advanced,Morning,90.5,160.8,1
774,18,M,Beginner,Morning,52.9,165.1,5
775,61,M,Beginner,Afternoon,64.3,166.2,3
776,22,F,Intermediate,Morning,75.0,172.9,6
777,47,F,Intermediate,Afternoon,83.2,161.1,5
778,47,M,Advanced,Afternoon,64.3,173.2,7
779,34,F,Advanced,Morning,41.2,174.9,3
780,64,M,Beginner,Evening,67.7,165.3,6
781,40,F,Advanced,Morning,90.3,162.0,6
782,32,M,Beginner,Morning,74.2,170.9,6
783,54,M,Beginner,Afternoon,73.5,168.0,2
784,38,F,Advanced,Morning,54.1,172.2,6
785,31,M,Beginner,Afternoon,52.5,185.7,4
786,19,F,Intermediate,Evening,70.3,170.7,1
787,28,F,Advanced,Evening,48.6,163.6,7
788,56,M,Intermediate,Evening,81.7,161.1,4
789,55,M,Advanced,Morning,57.3,161.5,1
790,51,F,Beginner,Afternoon,69.6,155.4,5
791,55,M,Advanced,Evening,41.7,179.3,5
792,51,M,Intermediate,Afternoon,64.1,147.7,1
793,35,M,Beginner,Afternoon,52.2,174.9,4
794,47,M,Advanced,Evening,35.2,161.3,1
795,32,M,Advanced,Evening,78.1,164.9,6
796,44,F,Advanced,Afternoon,94.6,161.0,2
797,51,F,Intermediate,Evening,86.9,184.5,7
798,55,M,Intermediate,Afternoon,80.2,170.2,5
799,50,M,Advanced,Afternoon,63.8,177.9,7
800,41,M,Beginner,Evening,82.1,183.0,2
801,32,F,Beginner,Morning,88.4,171.6,6
802,47,M,Intermediate,Evening,72.1,158.0,6
803,59,F,Beginner,Morning,52.2,167.8,5
804,34,F,Intermediate,Afternoon,62.5,162.6,5
805,22,F,Advanced,Afternoon,95.5,165.0,6
806,46,M,Intermediate,Morning,68.9,169.1,3
807,21,F,Intermediate,Afternoon,20.1,168.7,7
808,27,M,Advanced,Morning,48.0,174.1,2
809,34,F,Beginner,Morning,63.6,175.6,7
810,27,M,Intermediate,Afternoon,85.5,168.7,2
811,34,F,Intermediate,Morning,65.9,174.0,3
812,37,M,Advanced,Evening,85.8,164.5,4
813,41,F,Beginner,Evening,62.1,183.1,2
814,22,M,Intermediate,Afternoon,40.5,164.3,7
815,51,M,Advanced,Afternoon,62.6,182.0,1
816,23,M,Intermediate,Morning,75.2,155.2,6
817,19,M,Advanced,Morning,73.9,166.2,6
818,30,F,Beginner,Morning,51.2,166.7,3
819,60,F,Beginner,Morning,64.7,172.8,2
820,60,M,Beginner,Evening,110.3,178.6,4
821,28,F,Beginner,Evening,51.5,157.5,2
822,64,M,Intermediate,Afternoon,79.9,158.9,6
823,40,M,Intermediate,Morning,38.5,156.0,5
824,33,F,Beginner,Morning,83.0,183.2,1
825,48,M,Beginner,Afternoon,56.6,173.0,3
826,28,M,Beginner,Morning,76.0,159.2,5
827,33,F,Intermediate,Morning,50.6,165.6,7
828,25,M,Beginner,Morning,74.4,181.8,4
829,21,M,Beginner,Morning,56.4,167.2,5
830,57,M,Beginner,Morning,59.3,166.6,7
831,21,M,Advanced,Afternoon,76.6,162.2,5
832,42,F,Beginner,Morning,63.5,159.8,4
833,20,F,Advanced,Afternoon,75.7,181.8,5
834,49,F,Advanced,Morning,67.1,186.7,3
835,20,M,Beginner,Evening,71.0,160.1,6
836,44,M,Advanced,Evening,76.7,184.0,2
837,46,F,Beginner,Evening,64.7,165.1,5
838,49,M,Intermediate,Evening,55.1,175.3,3
839,36,M,Intermediate,Afternoon,62.0,184.1,2
840,38,M,Intermediate,Afternoon,87.9,168.5,7
841,22,M,Intermediate,Morning,71.7,166.7,2
842,35,F,Advanced,Evening,57.3,178.0,7
843,45,F,Beginner,Afternoon,76.0,158.9,5
844,59,F,Beginner,Morning,77.0,181.5,3
845,39,M,Beginner,Morning,77.8,171.4,6
846,38,F,Intermediate,Afternoon,55.3,164.2,5
847,23,F,Intermediate,Evening,59.8,164.0,7
848,18,M,Beginner,Morning,59.8,156.2,4
849,22,M,Intermediate,Evening,64.6,164.6,2
850,58,F,Beginner,Evening,78.1,167.4,5
851,29,F,Beginner,Evening,74.4,159.4,7
852,43,F,Beginner,Morning,75.6,169.5,2
853,63,F,Beginner,Evening,90.3,174.7,7
854,51,M,Beginner,Morning,80.3,167.9,3
855,31,F,Beginner,Evening,67.9,176.6,1
856,43,F,Beginner,Morning,52.2,161.9,5
857,62,M,Intermediate,Evening,59.3,180.0,6
858,44,F,Beginner,Afternoon,66.1,171.2,5
859,26,M,Beginner,Evening,82.4,185.5,2
860,43,M,Intermediate,Evening,69.6,194.1,3
861,64,M,Intermediate,Morning,60.2,165.3,7
862,39,F,Intermediate,Morning,59.0,165.7,4
863,64,F,Beginner,Evening,69.0,167.5,6
864,47,M,Advanced,Afternoon,83.3,176.0,3
865,60,F,Advanced,Afternoon,93.9,183.3,5
866,34,F,Intermediate,Morning,66.9,163.5,4
867,43,M,Advanced,Afternoon,69.3,173.8,3
868,53,M,Intermediate,Evening,51.8,168.6,1
869,18,F,Beginner,Morning,99.1,176.2,6
870,25,M,Advanced,Evening,49.0,185.1,2
871,52,F,Beginner,Morning,87.6,167.6,3
872,32,F,Advanced,Morning,64.5,153.3,3
873,64,F,Beginner,Morning,61.0,177.4,1
874,39,F,Advanced,Morning,53.3,161.7,5
875,31,M,Beginner,Afternoon,106.2,168.6,7
876,43,M,Beginner,Evening,73.3,177.9,7
877,45,M,Advanced,Evening,70.3,173.0,6
878,40,M,Beginner,Evening,83.3,169.0,6
879,31,F,Beginner,Morning,60.2,164.2,2
880,41,F,Beginner,Afternoon,70.0,141.0,3
881,19,M,Advanced,Evening,70.8,177.0,4
882,62,F,Advanced,Afternoon,62.3,167.5,3
883,43,F,Beginner,Morning,88.0,185.1,7
884,31,F,Beginner,Evening,66.7,174.0,2
885,24,M,Advanced,Afternoon,46.7,164.6,3
886,20,M,Advanced,Morning,65.5,180.7,1
887,64,M,Beginner,Afternoon,73.7,181.5,7
888,40,F,Beginner,Evening,56.6,167.8,3
889,63,M,Beginner,Evening,57.8,181.9,3
890,60,M,Intermediate,Morning,61.8,164.4,7
891,64,M,Advanced,Morning,88.3,171.6,4
892,62,M,Intermediate,Morning,62.7,175.7,7
893,35,M,Advanced,Afternoon,91.4,177.8,1
894,55,M,Advanced,Afternoon,60.8,176.2,1
895,52,F,Advanced,Afternoon,74.9,166.7,3
896,32,F,Advanced,Morning,63.3,180.9,6
897,42,M,Advanced,Evening,81.3,168.8,4
898,54,M,Advanced,Evening,53.2,164.3,3
899,45,F,Advanced,Afternoon,81.1,164.5,7
900,27,F,Intermediate,Afternoon,71.7,189.4,3
901,56,M,Beginner,Evening,60.4,162.6,2
902,34,M,Beginner,Evening,67.5,182.9,2
903,56,M,Intermediate,Afternoon,93.0,158.6,6
904,39,M,Intermediate,Afternoon,72.1,174.9,4
905,43,F,Intermediate,Evening,59.5,173.0,5
906,61,M,Intermediate,Morning,51.9,186.2,2
907,42,M,Advanced,Afternoon,77.6,163.5,5
908,34,M,Beginner,Evening,72.9,160.7,1
909,30,M,Advanced,Evening,80.4,168.8,2
910,37,F,Beginner,Evening,48.1,186.6,2
911,42,F,Beginner,Evening,52.4,161.2,4
912,21,F,Intermediate,Morning,87.2,144.1,6
913,27,M,Advanced,Evening,75.0,170.6,5
914,20,M,Intermediate,Afternoon,78.0,179.5,7
915,58,F,Advanced,Morning,55.6,159.9,2
916,62,M,Beginner,Evening,55.3,178.5,2
917,35,M,Intermediate,Morning,84.9,159.6,4
918,64,F,Intermediate,Afternoon,85.6,168.5,4
919,53,F,Beginner,Evening,53.7,177.5,6
920,64,F,Beginner,Afternoon,50.8,158.1,5
921,39,F,Beginner,Evening,68.4,171.8,1
922,51,M,Intermediate,Evening,58.0,182.1,7
923,64,M,Advanced,Evening,57.7,174.7,6
924,25,F,Intermediate,Evening,51.2,162.8,1
925,57,M,Advanced,Evening,63.0,185.2,3
926,61,F,Intermediate,Morning,52.7,176.6,2
927,36,F,Intermediate,Evening,53.6,151.4,5
928,59,M,Beginner,Evening,74.5,178.6,6
929,58,F,Advanced,Morning,69.2,164.3,2
930,54,M,Intermediate,Morning,77.3,172.0,5
931,23,M,Intermediate,Morning,45.3,180.1,5
932,43,M,Beginner,Morning,70.1,164.5,5
933,51,M,Beginner,Morning,101.1,153.5,2
934,62,F,Advanced,Morning,64.4,185.1,6
935,23,M,Intermediate,Evening,82.4,181.6,7
936,54,F,Advanced,Evening,82.2,169.1,4
937,50,F,Intermediate,Afternoon,83.0,178.5,2
938,39,F,Advanced,Evening,72.5,166.3,5
939,38,F,Beginner,Evening,78.5,171.0,6
940,23,M,Intermediate,Morning,80.5,168.6,7
941,23,M,Advanced,Morning,79.5,166.7,3
942,21,F,Beginner,Evening,53.2,173.6,1
943,47,F,Beginner,Afternoon,44.4,157.9,5
944,28,M,Advanced,Morning,46.7,167.5,3
945,47,F,Intermediate,Evening,65.9,173.1,4
946,48,M,Intermediate,Evening,78.9,188.4,7
947,41,F,Beginner,Afternoon,53.4,158.3,7
948,26,M,Intermediate,Afternoon,83.9,175.2,5
949,20,F,Intermediate,Morning,62.5,176.3,7
950,48,F,Intermediate,Afternoon,62.6,151.2,3
951,57,M,Beginner,Evening,57.5,174.1,5
952,54,F,Advanced,Evening,41.7,178.8,2
953,53,F,Intermediate,Afternoon,73.4,175.9,6
954,41,M,Beginner,Afternoon,95.7,169.2,3
955,48,F,Beginner,Afternoon,69.1,173.3,6
956,23,M,Advanced,Afternoon,42.2,171.7,2
957,19,M,Intermediate,Morning,81.7,153.1,2
958,37,F,Intermediate,Afternoon,45.6,171.9,6
959,45,F,Advanced,Morning,51.9,166.3,3
960,28,F,Advanced,Evening,66.4,163.0,6
961,21,F,Beginner,Afternoon,71.8,194.8,6
962,32,F,Beginner,Morning,54.9,182.5,1
963,23,F,Advanced,Afternoon,65.8,158.5,3
964,47,F,Intermediate,Evening,80.7,173.5,1
965,55,M,Beginner,Evening,82.8,184.6,5
966,19,F,Beginner,Evening,88.8,155.0,7
967,32,M,Intermediate,Afternoon,98.6,170.8,6
968,28,F,Beginner,Afternoon,82.1,171.2,5
969,25,F,Intermediate,Morning,66.7,157.3,3
970,43,M,Intermediate,Evening,82.9,173.8,6
971,62,F,Intermediate,Afternoon,77.0,181.2,7
972,61,F,Advanced,Evening,77.6,185.1,5
973,22,M,Advanced,Evening,72.7,167.5,4
974,23,F,Advanced,Morning,56.3,195.0,2
975,43,F,Intermediate,Morning,54.6,149.4,6
976,21,F,Intermediate,Morning,68.5,173.6,7
977,36,M,Advanced,Morning,72.2,155.9,2
978,37,F,Beginner,Evening,59.8,170.9,1
979,50,F,Intermediate,Morning,76.4,164.8,5
980,37,F,Beginner,Morning,101.2,175.1,1
981,29,F,Beginner,Morning,43.8,168.7,7
982,64,M,Intermediate,Morning,78.7,161.7,6
983,18,M,Intermediate,Evening,69.0,162.4,2
984,43,F,Beginner,Morning,76.8,189.3,2
985,31,F,Beginner,Evening,63.5,174.4,5
986,55,M,Advanced,Afternoon,67.8,153.0,6
987,54,M,Advanced,Evening,71.9,175.5,4
988,28,F,Intermediate,Evening,65.5,168.1,4
989,53,M,Advanced,Morning,47.2,170.0,5
990,30,F,Advanced,Afternoon,66.5,178.2,6
991,60,M,Advanced,Afternoon,48.8,181.8,5
992,20,M,Advanced,Afternoon,79.8,161.4,6
993,50,M,Beginner,Afternoon,42.0,169.7,7
994,23,M,Intermediate,Evening,85.4,164.5,7
995,27,F,Advanced,Afternoon,76.4,176.0,1
996,22,M,Beginner,Evening,76.5,167.7,5
997,40,M,Beginner,Evening,37.5,170.3,6
998,27,F,Beginner,Evening,65.1,167.3,4
999,61,M,Advanced,Afternoon,87.3,168.9,6
1000,19,M,Advanced,Morning,62.2,187.0,7
